﻿UtID;mr;ref;UtA;UtB;UtA_equals;UtB_equals
L4U1;name[Blue Spice], eatType[coffee shop], customer rating[average], near[Burger King];Burger King is near the coffee shop Blue Spice which has an average customer rating.;Blue Spice is a coffee shop near Burger King. It has an average customer rating.;Blue Spice is a coffee shop near Burger King. It has an average customer rating.;Slug;Tgen
L4U2;name[Clowns], eatType[pub], customer rating[3 out of 5], near[All Bar One];Good customer score of 3 out of 5 Clowns  pub is a recommended place to eat. Located near the All Bar One.;Clowns is a pub near All Bar One with a customer rating of 3 out of 5.;Clowns pub near All Bar One has a customer rating of 3 out of 5.;Slug;Tgen
L4U3;name[Cocum], eatType[coffee shop], customer rating[low], near[Express by Holiday Inn];Cocum is a coffee shop near Express by Holiday Inn with food at low prices.;Cocum is a coffee shop near Express by Holiday Inn. It has a low customer rating.;Cocum is a low rated coffee shop near Express by Holiday Inn.;Slug;Tgen
L4U4;name[Giraffe], eatType[pub], food[Fast food], area[city centre], familyFriendly[no], near[Rainbow Vegetarian Café];There is an adult only fast food pub Giraffe located in the centre of the city near Rainbow Vegetarian Café.;Giraffe is a Fast food pub in the city centre near Rainbow Vegetarian Café. It is not family-friendly.;Giraffe is a fast food pub located in the city centre near Rainbow Vegetarian Café. It is not family-friendly.;Slug;Tgen
L4U5;name[Green Man], eatType[pub], customer rating[3 out of 5], near[All Bar One];If you're looking for a great place to eat, try Green Man, a pub near All Bar One with a customer rating of 3 out of 5 stars.;Green Man is a pub near All Bar One with a customer rating of 3 out of 5.;Green Man pub near All Bar One has a customer rating of 3 out of 5.;Slug;Tgen
L4U6;name[Strada], eatType[coffee shop], customer rating[low], near[Express by Holiday Inn];Strada coffee shop has a low customer Rating and is located  near Express by Holiday Inn.;Strada is a coffee shop near Express by Holiday Inn. It has a low customer rating.;Strada is a low rated coffee shop near Express by Holiday Inn.;Slug;Tgen
L4U7;name[The Cricketers], eatType[coffee shop], customer rating[5 out of 5], familyFriendly[no], near[Crowne Plaza Hotel];The Cricketers, a highly rated coffee shop near Crowne Plaza Hotel, is not family-friendly.;The Cricketers is a coffee shop near Crowne Plaza Hotel. It is not family-friendly and has a customer rating of 5 out of 5.;The Cricketers is a coffee shop near Crowne Plaza Hotel. It has a 5 out of 5 customer rating and is not family-friendly.;Slug;Tgen
L4U8;name[The Mill], eatType[pub], food[English], priceRange[less than £20], area[riverside], familyFriendly[no], near[Raja Indian Cuisine];The Mill' is a pub located on the riverside, near 'Raja Indian Cuisine'. They serve English food and a price range of less than £20, and are not family-friendly.;The Mill is a pub that serves English food for less than £20. It is located in riverside near Raja Indian Cuisine and is not family-friendly.;The Mill is a pub providing english food in the less than £20 price range. It is located in the riverside area near Raja Indian Cuisine.;Slug;Tgen
L4U9;name[The Phoenix], eatType[pub], food[Fast food], priceRange[high], area[riverside], familyFriendly[no], near[Raja Indian Cuisine];The Phoenix offers  Fast food and pub with expensive price near Raja Indian Cuisine.;The Phoenix is a Fast food pub in the riverside area near Raja Indian Cuisine. It is not kid friendly and has a high price range.;The Phoenix is a high priced fast food pub near Raja Indian Cuisine in the riverside area. It is not children friendly.;Slug;Tgen
L4U10;name[The Plough], eatType[pub], food[Chinese], priceRange[high], area[city centre], familyFriendly[yes], near[Raja Indian Cuisine];The Plough is a pub located by the riverside located near Raja Indian Cuisine, in the city centre. It serves Chinese food and it has a high price range. It is child friendly.;The Plough is a Chinese pub in the city centre near Raja Indian Cuisine. It is kid friendly and has a high price range.;The Plough is a high priced chinese pub located in the city centre near Raja Indian Cuisine. It is children friendly.;Slug;Tgen
L4U11;name[The Punter], eatType[pub], food[Chinese], priceRange[moderate], area[city centre], familyFriendly[no], near[Raja Indian Cuisine];Near Raja Indian Cuisine in city centre,  enjoy a moderately priced Chinese lunch and coffee at The Punter.  This pub does not cater to children.;The Punter is a moderately priced chinese pub located in the city centre near Raja Indian Cuisine. It is not kid friendly.;The Punter is a moderately priced Chinese pub in the city centre near Raja Indian Cuisine. It is not kid friendly.;Tgen;Slug
L4U12;name[The Vaults], eatType[pub], food[French], priceRange[less than £20], area[riverside], familyFriendly[no], near[Raja Indian Cuisine];The Vaults pub serves French for less than £20. Near Raja Indian Cuisine in riverside. No families.;The Vaults is a french pub near Raja Indian Cuisine in the riverside area. It has a price range of less than £20 and is not family-friendly.;The Vaults is a French pub in the riverside area near Raja Indian Cuisine. It has a price range of less than £20 and is not family-friendly.;Tgen;Slug
L4U13;name[The Waterman], eatType[pub], food[Indian], priceRange[less than £20], area[city centre], familyFriendly[no], near[Raja Indian Cuisine];There's a non family friendly Indian pub called The Waterman near Raja Indian Cuisine in the city center for less than £20.;The Waterman is a pub providing indian food in the less than £20 price range. It is located in the city centre. It is near Raja Indian Cuisine.;The Waterman is a cheap Indian pub in the city centre near Raja Indian Cuisine. It is not family-friendly.;Tgen;Slug
L4U14;name[The Wrestlers], eatType[pub], food[Italian], priceRange[moderate], area[city centre], familyFriendly[yes], near[Raja Indian Cuisine];The Wrestlers is a go-to Café for families and features moderately priced food for high-energy customers including families.  You can find The Wrestlers near Raja Indian Cuisine at City Centre.;The Wrestlers is a kid friendly italian pub near Raja Indian Cuisine in the city centre. It has a moderate price range.;The Wrestlers is a kid friendly pub serving Italian food in the moderate price range. It is located in the city centre near Raja Indian Cuisine.;Tgen;Slug
L4U15;name[Wildwood], eatType[pub], food[Indian], area[city centre], familyFriendly[no], near[Raja Indian Cuisine];There's a pub that serves Indian food in the city centre, Wildwood. It's down near Raja Indian Cuisine, although it doesn't allow kids.;Wildwood is an indian pub located in the city centre near Raja Indian Cuisine. It is not family friendly.;Wildwood is an Indian pub located in the city centre near Raja Indian Cuisine. It is not family-friendly.;Tgen;Slug
L4U16;name[Zizzi], eatType[coffee shop], near[The Sorrento];Close to The Sorrento you will be able to find a coffee shop called Zizzi;Zizzi is a coffee shop with a low price range. It is located near The Sorrento.;Zizzi is a coffee shop near The Sorrento.;Tgen;Slug
L4U17;name[Cotto], eatType[pub], near[The Bakers];next to The Bakers resides a pub by the name of Cotto.;Cotto is a pub near The Bakers.;Cotto is a pub near The Bakers.;Tgen;Slug
L4U18;name[The Mill], eatType[restaurant], food[Fast food], priceRange[cheap], area[riverside], familyFriendly[yes], near[Raja Indian Cuisine];For a cheap restaurant in Riverside go to The Mill.  It's family-friendly near Raja Indian Cuisine and serves fast food.;The Mill is a cheap family friendly fast food restaurant near Raja Indian Cuisine in the riverside area.;The Mill is a cheap family friendly Fast food restaurant located near Raja Indian Cuisine in the riverside area.;Tgen;Slug
L4U19;name[The Waterman], eatType[restaurant], food[Italian], priceRange[less than £20], area[riverside], familyFriendly[no], near[Raja Indian Cuisine];Along the waterfront, near Raja Indian Cuisine,  you will find The Waterman Italian restaurant, sample the adult atmosphere and menu for less than £20.;The Waterman is a cheap italian restaurant located near Raja Indian Cuisine in the riverside area. It is not family-friendly.;The Waterman is an Italian restaurant in the riverside area near Raja Indian Cuisine. It is not family-friendly and has a price range of less than £20.;Tgen;Slug
L4U20;name[The Cricketers], eatType[restaurant], food[English], priceRange[cheap], customer rating[5 out of 5], area[city centre], familyFriendly[no], near[Café Rouge];Come check out this 5 out of 5 rated restaurant in the city centre near Café Rouge. Cheap English food will be found at The Cricketers, with no noisy kids allowed.;The Cricketers is a cheap english restaurant located in the city centre near Café Rouge. It has a customer rating of 5 out of 5 and is not family-friendly.;The Cricketers is a cheap English restaurant in the city centre near Café Rouge. It has a customer rating of 5 out of 5 and is not family-friendly.;Tgen;Slug
