﻿UtID;mr;ref;UtA;UtB;UtA_equals;UtB_equals
L1U1;name[Blue Spice], eatType[coffee shop], area[city centre];A coffee shop in the city centre area called Blue Spice.;Blue Spice is a coffee shop in the city centre.;Blue Spice is a coffee shop in the city centre.;Slug;Tgen
L1U2;name[Clowns], eatType[coffee shop], customer rating[3 out of 5], near[All Bar One];Good customer score of 3 out of 5 Clowns  coffee shop is a recommended place to eat. Located near the All Bar One.;Clowns is a coffee shop near All Bar One. It has a customer rating of 3 out of 5.;Clowns is a coffee shop near All Bar One with a customer rating of 3 out of 5.;Slug;Tgen
L1U3;name[Cocum], eatType[coffee shop], customer rating[high], near[Burger King];Near Burger King there is a highly rated coffee shop named Cocum.;Cocum is a highly rated coffee shop near Burger King.;Cocum is a highly rated coffee shop with a high price range. It is located near Burger King.;Slug;Tgen
L1U4;name[Giraffe], eatType[coffee shop], near[The Bakers];A coffee shop named Giraffe is near The Bakers.;Giraffe is a coffee shop near The Bakers.;Giraffe is a coffee shop with a low price range. It is located near The Bakers.;Slug;Tgen
L1U5;name[Green Man], eatType[coffee shop], customer rating[1 out of 5], near[All Bar One];Rated 1 out of 5, Green Man coffee shop is near All Bar One.;Green Man is a one star coffee shop near All Bar One.;Green Man is a coffee shop near All Bar One with a customer rating of 1 out of 5.;Slug;Tgen
L1U6;name[Strada], eatType[coffee shop], area[city centre];There is a coffee shop in the city centre called the Strada.;Strada is a coffee shop in the city centre.;Strada is a coffee shop in the city centre.;Slug;Tgen
L1U7;name[The Cricketers], eatType[coffee shop], customer rating[1 out of 5], familyFriendly[yes], near[Avalon];The customer rating is bad at the children friendly coffee shop called The Cricketers near Avalon.;The Cricketers is a family friendly coffee shop near Avalon. It has a customer rating of 1 out of 5.;The Cricketers is a child friendly coffee shop near Avalon with a customer rating of 1 out of 5.;Slug;Tgen
L1U8;name[The Mill], eatType[pub], food[English], priceRange[high], area[riverside], familyFriendly[yes], near[Raja Indian Cuisine];The Mill is a child friendly pub near to Raja Indian Cuisine in the riverside area. They serve English food. The price range is high;The Mill is a high priced English pub in the riverside area near Raja Indian Cuisine. It is child friendly.;The Mill is a children friendly english pub near Raja Indian Cuisine in the riverside area. It has a high price range.;Slug;Tgen
L1U9;name[The Phoenix], eatType[pub], food[Fast food], priceRange[cheap], area[riverside], familyFriendly[yes], near[Raja Indian Cuisine];With a cheap price range along the riverside, the pub named The Phoenix is family friendly and serves Fast food Raja Indian Cuisine.;The Phoenix is a cheap, family friendly Fast food pub in riverside near Raja Indian Cuisine.;The Phoenix is a cheap family friendly fast food pub near Raja Indian Cuisine in the riverside area.;Slug;Tgen
L1U10;name[The Plough], eatType[pub], food[Chinese], priceRange[£20-25], area[riverside], familyFriendly[yes], near[Raja Indian Cuisine];In riverside near Raja Indian Cuisine is a pub called The Plough. A pub that serves Chinese food for £20-25.;The Plough is a kid friendly Chinese pub in the riverside area near Raja Indian Cuisine with a price range of £20-25.;The Plough is a kid friendly pub serving chinese food in the £20-25 price range in the riverside area near Raja Indian Cuisine.;Slug;Tgen
L1U11;name[The Punter], eatType[pub], food[Chinese], priceRange[less than £20], area[city centre], familyFriendly[yes], near[Raja Indian Cuisine];The Punter is a pub which serves Chinese food is located in the center of the city near the Raja Indian Cuisine. It serves Chinese food and is considered family friendly with a price range of less than £20.;The Punter is a family friendly pub serving chinese food in the less than £20 price range. It is located in the city centre near Raja Indian Cuisine.;The Punter is a family-friendly pub that serves Chinese food for less than £20. It is located in the city centre near Raja Indian Cuisine.;Tgen;Slug
L1U12;name[The Vaults], eatType[pub], food[French], priceRange[high], area[riverside], familyFriendly[yes], near[Raja Indian Cuisine];Situated near Raja Indian Cuisine on the riverside is a child friendly pub serving French food with a high price range called The Vaults.;The Vaults is a high priced french pub near Raja Indian Cuisine in the riverside area. It is children friendly.;The Vaults is a French pub in the riverside area near Raja Indian Cuisine. It is child friendly and has a high price range.;Tgen;Slug
L1U13;name[The Waterman], eatType[pub], food[Indian], priceRange[high], area[city centre], familyFriendly[yes], near[Raja Indian Cuisine];The rare combo of Indian food in a pub can be found at The Waterman.  The price is high, but it is children friendly.  The Waterman is near Raja Indian Cuisine in the city centre.;The Waterman is a children friendly pub serving indian food in the high price range. It is located in the city centre near Raja Indian Cuisine.;The Waterman is a high priced Indian pub in the city centre near Raja Indian Cuisine. It is children friendly.;Tgen;Slug
L1U14;name[The Wrestlers], eatType[pub], food[Italian], priceRange[less than £20], area[riverside], familyFriendly[no], near[Raja Indian Cuisine];The Wrestlers is a pub  close to Raja Indian Cuisine with low prices and not family friendly.;The Wrestlers is a pub providing italian food in the less than £20 price range. It is located in the riverside area near Raja Indian Cuisine.;The Wrestlers is a pub that serves Italian food for less than £20. It is located in riverside near Raja Indian Cuisine and is not family-friendly.;Tgen;Slug
L1U15;name[Wildwood], eatType[coffee shop], area[riverside];A coffee shop named Wildwood is located at  the riverside.;Wildwood is a coffee shop in the riverside area with a price range of less than £20.;Wildwood is a coffee shop in the riverside area.;Tgen;Slug
L1U16;name[Zizzi], eatType[coffee shop], area[riverside];The Zizzi is a coffee shop along the river.;Zizzi is a coffee shop in the riverside area with a price range of less than £20.;Zizzi is a coffee shop in the riverside area.;Tgen;Slug
L1U17;name[Blue Spice], eatType[restaurant], food[English], area[riverside], familyFriendly[yes], near[Rainbow Vegetarian Café];The Blue Spice is a restaurant that serves English cuisine.  It is a kid friendly restaurant located on the riverside near the Rainbow Vegetarian Café.;Blue Spice is a family friendly english restaurant near Rainbow Vegetarian Café in the riverside area.;Blue Spice is a family friendly English restaurant in the riverside area near Rainbow Vegetarian Café.;Tgen;Slug
L1U18;name[Green Man], eatType[restaurant], food[Japanese], area[riverside], familyFriendly[yes], near[Express by Holiday Inn];The Green Man is a family friendly restaurant near Express by Holiday Inn in the riverside area with Japanese food.;Green Man is a family friendly japanese restaurant near Express by Holiday Inn in the riverside area.;Green Man is a family friendly Japanese restaurant in the riverside area near Express by Holiday Inn.;Tgen;Slug
L1U19;name[The Plough], eatType[restaurant], food[Chinese], priceRange[less than £20], area[city centre], familyFriendly[no], near[Raja Indian Cuisine];The Plough is a restaurant serving Chinese food in the mid-price range. It is family-friendly and near Raja Indian Cuisine in the city center.;The Plough is a chinese restaurant in the less than £20 price range. It is located in the city centre near Raja Indian Cuisine and is not family friendly.;The Plough is a Chinese restaurant located in the city centre near Raja Indian Cuisine. It has a price range of less than £20 and is not family-friendly.;Tgen;Slug
L1U20;name[Wildwood], eatType[restaurant], food[Italian], area[riverside], familyFriendly[yes], near[Raja Indian Cuisine];Wildwood near Raja Indian Cuisine in the riverside area is a child friendly Italian restaurant;Wildwood is a family friendly italian restaurant near Raja Indian Cuisine in the riverside area.;Wildwood is a family friendly Italian restaurant in the riverside area near Raja Indian Cuisine.;Tgen;Slug
