﻿UtID;mr;ref;UtA;UtB;UtA_equals;UtB_equals
L3U1;name[Blue Spice], eatType[coffee shop], customer rating[5 out of 5], near[Crowne Plaza Hotel];The coffee shop Blue Spice is based near Crowne Plaza Hotel and has a high customer rating of 5 out of 5.;Blue Spice is a coffee shop near Crowne Plaza Hotel with a customer rating of 5 out of 5.;Blue Spice is a coffee shop near Crowne Plaza Hotel with a 5 out of 5 customer rating.;Slug;Tgen
L3U2;name[Clowns], eatType[coffee shop], near[The Sorrento];Close to The Sorrento you can find Clowns coffee shop.;Clowns is a coffee shop near The Sorrento.;Clowns is a coffee shop with a low price range. It is located near The Sorrento.;Slug;Tgen
L3U3;name[Cocum], eatType[coffee shop], customer rating[low], near[Café Sicilia];Cocum, a coffee shop with a low customer rating, is near Café Sicilia.;Cocum is a coffee shop near Café Sicilia with a low customer rating.;Cocum is a low rated coffee shop near Café Sicilia.;Slug;Tgen
L3U4;name[Giraffe], eatType[pub], food[English], area[riverside], familyFriendly[yes], near[Rainbow Vegetarian Café];The Giraffe,  a child-friendly, English pub, is  located in riverside area, near Rainbow Vegetarian Café.;Giraffe is a family friendly pub serving English food in the riverside area near Rainbow Vegetarian Café.;Giraffe is a family friendly english pub near Rainbow Vegetarian Café in the riverside area.;Slug;Tgen
L3U5;name[Green Man], eatType[pub], customer rating[1 out of 5], near[All Bar One];Rated 1 out of 5, Green Man pub is near All Bar One.;Green Man is a pub near All Bar One with a customer rating of 1 out of 5.;Green Man is a pub near All Bar One with a customer rating of 1 out of 5.;Slug;Tgen
L3U6;name[Strada], eatType[coffee shop], customer rating[1 out of 5], near[Rainbow Vegetarian Café];The customer rated 1 out of 5, Strada is near Rainbow Vegetarian Café.;Strada is a coffee shop near Rainbow Vegetarian Café. It has a customer rating of 1 out of 5.;Strada is a coffee shop near Rainbow Vegetarian Café with a customer rating of 1 out of 5.;Slug;Tgen
L3U7;name[The Cricketers], eatType[coffee shop], customer rating[3 out of 5], familyFriendly[yes], near[Crowne Plaza Hotel];The Cricketers is a kid friendly coffee shop that is located near Crowne Plaza Hotel. It has a 3 out of 5 customer rating.;The Cricketers is a kid friendly coffee shop near Crowne Plaza Hotel. It has a customer rating of 3 out of 5.;The Cricketers is a kid friendly coffee shop near Crowne Plaza Hotel with a customer rating of 3 out of 5.;Slug;Tgen
L3U8;name[The Mill], eatType[pub], food[English], priceRange[less than £20], area[city centre], familyFriendly[yes], near[Raja Indian Cuisine];The Mill, Is a pub and is family-friendly, cheap and reasonable priced is very good for the family , We provide full English food. Located near Raja Indian Cuisine In the city centre.;The Mill is a family-friendly pub serving English food in the less than £20 price range. It is located in the city centre near Raja Indian Cuisine.;The Mill is a family-friendly pub serving english food in the city centre near Raja Indian Cuisine. The price range is less than £20.;Slug;Tgen
L3U9;name[The Phoenix], eatType[pub], food[Fast food], priceRange[high], area[city centre], familyFriendly[yes], near[Raja Indian Cuisine];The Phoenix is a child-friendly fast food pub. It is in the high price range, and a pub. It is located near Raja Indian Cuisine in the city centre.;The Phoenix is a Fast food pub in the city centre near Raja Indian Cuisine. It is kid friendly and has a high price range.;The Phoenix is a fast food pub located in the city centre near Raja Indian Cuisine. It is children friendly and has a high price range.;Slug;Tgen
L3U10;name[The Plough], eatType[pub], food[Chinese], priceRange[high], area[city centre], familyFriendly[no], near[Raja Indian Cuisine];In the city center, near Raja Indian Cuisine, The Plough pub dishes out high class Chinese eats, with an atmosphere that is not children friendly.;The Plough is a high priced Chinese pub in the city centre near Raja Indian Cuisine. It is not child friendly.;The Plough is a high priced chinese pub located in the city centre near Raja Indian Cuisine. It is not children friendly.;Slug;Tgen
L3U11;name[The Punter], eatType[pub], food[Chinese], priceRange[less than £20], area[riverside], familyFriendly[yes], near[Raja Indian Cuisine];There's this pub that serves Chinese food in the riverside area near Raja Indian Cuisine called The Punter that costs less than £20 and is family friendly.;The Punter is a family friendly pub serving chinese food in the less than £20 price range. It is located in the riverside area near Raja Indian Cuisine.;The Punter is a family friendly Chinese pub in the riverside area near Raja Indian Cuisine. It has a price range of less than £20.;Tgen;Slug
L3U12;name[The Vaults], eatType[pub], food[French], priceRange[less than £20], area[city centre], familyFriendly[yes], near[Raja Indian Cuisine];The Vaults pub is family-friendly French food in city centre near Raja Indian Cuisine with a price range less than £20.;The Vaults is a family-friendly french pub in the city centre near Raja Indian Cuisine with a price range less than £20.;The Vaults is a family-friendly pub that serves French food for less than £20. It is located in the city centre near Raja Indian Cuisine.;Tgen;Slug
L3U13;name[The Waterman], eatType[pub], food[Indian], priceRange[high], area[riverside], familyFriendly[yes], near[Raja Indian Cuisine];The pub called The Waterman serves Indian food and is near to Raja Indian Cuisine. The Waterman is child-friendly and is in riverside. It has a high price range however;The Waterman is a pub providing indian food in the high price range. It is located in the riverside. It is near Raja Indian Cuisine.;The Waterman is a high priced Indian pub in the riverside area near Raja Indian Cuisine. It is child friendly.;Tgen;Slug
L3U14;name[The Wrestlers], eatType[pub], food[Italian], priceRange[moderate], area[city centre], familyFriendly[no], near[Raja Indian Cuisine];Located in the centre of the city, close to Raja Indian Cuisine, The Wrestlers is a pub offering Italian food.;The Wrestlers is a moderately priced italian pub near Raja Indian Cuisine in the city centre. It is not kids friendly.;The Wrestlers is a moderately priced Italian pub in the city centre near Raja Indian Cuisine. It is not kid friendly.;Tgen;Slug
L3U15;name[Wildwood], eatType[pub], food[French], area[riverside], familyFriendly[yes], near[Raja Indian Cuisine];Wildwood  is a children-friendly riverside pub that you can also get French food in, it is located near the Raja Indian Cuisine.;Wildwood is a family friendly french pub near Raja Indian Cuisine in the riverside area.;Wildwood is a family friendly French pub in the riverside area near Raja Indian Cuisine.;Tgen;Slug
L3U16;name[Zizzi], eatType[coffee shop], customer rating[high], near[Burger King];Near Burger King is a highly rated coffee shop called Zizzi.;Zizzi is a highly rated coffee shop with a high price range. It is located near Burger King.;Zizzi is a highly rated coffee shop near Burger King.;Tgen;Slug
L3U17;name[Cocum], eatType[pub], near[The Sorrento];Cocum is a pub by The Sorrento.;Cocum is a pub near The Sorrento.;Cocum is a pub near The Sorrento.;Tgen;Slug
L3U18;name[The Cricketers], eatType[restaurant], food[English], priceRange[high], customer rating[average], area[riverside], familyFriendly[no], near[Café Rouge];The Cricketers is a non-children friendly English restaurant in Riverside near Café Rouge with an average customer rating and has a high price range.;The Cricketers is a high priced english restaurant near Café Rouge in the riverside area. It has an average customer rating and is not child friendly.;The Cricketers is a highly rated English restaurant in the riverside area near Café Rouge. It is not child friendly and has a high price range.;Tgen;Slug
L3U19;name[The Vaults], eatType[restaurant], food[Indian], priceRange[high], area[city centre], familyFriendly[yes], near[Raja Indian Cuisine];In the high price range, The Vaults is a  child friendly restaurant serving Indian food in city centre near Raja Indian Cuisine.;The Vaults is a restaurant providing indian food in the high price range. It is located in the city centre and is near Raja Indian Cuisine.;The Vaults is a child friendly Indian restaurant in the city centre near Raja Indian Cuisine. It has a high price range.;Tgen;Slug
L3U20;name[The Phoenix], eatType[restaurant], food[Fast food], priceRange[high], area[city centre], familyFriendly[no], near[Raja Indian Cuisine];There is a restaurant located in the city centre, near Raja Indian Cuisine, in the high price range. The Phoenix provides Fast food but no children friendly menu or services are offered.;The Phoenix is a high priced fast food restaurant located in the city centre near Raja Indian Cuisine. It is not child friendly.;The Phoenix is a Fast food restaurant in the city centre near Raja Indian Cuisine. It is not kid friendly and has a high price range.;Tgen;Slug
