﻿UtID;mr;ref;UtA;UtB;UtA_equals;UtB_equals
L5U1;name[Blue Spice], eatType[coffee shop], customer rating[average], near[Crowne Plaza Hotel];Crowne Plaza Hotel has a coffee shop nearby with an average customer rating called Blue Spice.;Blue Spice is a coffee shop near Crowne Plaza Hotel. It has an average customer rating.;Blue Spice is a coffee shop near Crowne Plaza Hotel. It has an average customer rating.;Slug;Tgen
L5U2;name[Clowns], eatType[pub], customer rating[5 out of 5], near[Crowne Plaza Hotel];The pub Clowns that is near Crowne Plaza Hotel has ratings of 5 out of 5.;Clowns is a pub near Crowne Plaza Hotel with a customer rating of 5 out of 5.;Clowns is a pub near Crowne Plaza Hotel with a 5 out of 5 customer rating.;Slug;Tgen
L5U3;name[Cocum], eatType[coffee shop], near[The Rice Boat];Cocum is a coffee shop located a few steps of The Rice Boat.;Cocum is a coffee shop near The Rice Boat.;Cocum is a coffee shop with a low price range. It is located near The Rice Boat.;Slug;Tgen
L5U4;name[Giraffe], eatType[pub], food[Fast food], area[city centre], familyFriendly[yes], near[Rainbow Vegetarian Café];Giraffe, located in the city centre, is a pub that offers fast food.  This family-friendly pub can be found near the Rainbow Vegetarian Café.;Giraffe is a family-friendly pub in the city centre near Rainbow Vegetarian Café.;Giraffe is a family-friendly fast food pub located in the city centre near Rainbow Vegetarian Café.;Slug;Tgen
L5U5;name[Green Man], eatType[pub], food[Italian], area[riverside], familyFriendly[yes], near[Express by Holiday Inn];Green Man in the riverside area near the Express by Holiday Inn is an Italian pub which is child friendly.;Green Man is a family friendly pub serving Italian food in the riverside area near Express by Holiday Inn.;Green Man is a family friendly pub serving italian food in the riverside area near Express by Holiday Inn.;Slug;Tgen
L5U6;name[Strada], eatType[pub], area[city centre];There is a pub in the city centre called the Strada.;Strada is a pub in the city centre.;Strada is a pub located in the city centre.;Slug;Tgen
L5U7;name[The Cricketers], eatType[coffee shop], customer rating[5 out of 5], familyFriendly[yes], near[Crowne Plaza Hotel];There is a 5 out of 5 customer rated child friendly coffee shop located near a Crowne Plaza Hotel called The Cricketers.;The Cricketers is a family friendly coffee shop near Crowne Plaza Hotel. It has a customer rating of 5 out of 5.;The Cricketers is a family friendly coffee shop near Crowne Plaza Hotel with a 5 out of 5 customer rating.;Slug;Tgen
L5U8;name[The Mill], eatType[pub], food[English], priceRange[less than £20], area[riverside], familyFriendly[yes], near[Raja Indian Cuisine];Near Raja Indian Cuisine by riverside there is an English pub called The Mill. It has prices lower than £20 and is family friendly.;The Mill is a family friendly English pub in the riverside area near Raja Indian Cuisine. It has a price range of less than £20.;The Mill is a family friendly pub serving english food in the riverside area near Raja Indian Cuisine. The price range is less than £20.;Slug;Tgen
L5U9;name[The Phoenix], eatType[pub], food[Fast food], priceRange[high], area[riverside], familyFriendly[yes], near[Raja Indian Cuisine];There is a fast food, pub located near Raja Indian Cuisine in Riverside called The Phoenix. The pub is in the higher price range and is children friendly.;The Phoenix is a kid friendly Fast food pub in the riverside area near Raja Indian Cuisine. It has a high price range.;The Phoenix is a children friendly fast food pub near Raja Indian Cuisine in the riverside area. It has a high price range.;Slug;Tgen
L5U10;name[The Plough], eatType[pub], food[Chinese], priceRange[high], area[riverside], familyFriendly[no], near[Raja Indian Cuisine];The Plough is an expensive pub and that serves Chinese food located near the riverside Raja Indian Cuisine, it is not appropriate for children.;The Plough is a Chinese pub in the riverside area near Raja Indian Cuisine. It is not kid friendly and has a high price range.;The Plough is a high priced chinese pub in the riverside area near Raja Indian Cuisine. It is not children friendly.;Slug;Tgen
L5U11;name[The Punter], eatType[pub], food[Chinese], priceRange[moderate], area[city centre], familyFriendly[yes], near[Raja Indian Cuisine];The Punter is a moderately priced kid friendly Chinese pub in they city centre near Raja Indian Cuisine.;The Punter is a moderately priced chinese pub located in the city centre near Raja Indian Cuisine. It is kid friendly.;The Punter is a kid friendly pub serving Chinese food in the moderate price range. It is located in the city centre near Raja Indian Cuisine.;Tgen;Slug
L5U12;name[The Vaults], eatType[pub], food[French], priceRange[less than £20], area[riverside], familyFriendly[yes], near[Raja Indian Cuisine];The Vaults is a family friendly pub in the low price range serving French food, situated near Raja Indian Cuisine;The Vaults is a family friendly french pub near Raja Indian Cuisine in the riverside area. The price range is less than £20.;The Vaults is a family friendly French pub in the riverside area near Raja Indian Cuisine. It has a price range of less than £20.;Tgen;Slug
L5U13;name[The Waterman], eatType[pub], food[Indian], priceRange[less than £20], area[city centre], familyFriendly[yes], near[Raja Indian Cuisine];Indian food meets pub at The Waterman located in the city centre near Raja Indian Cuisine. This shop is family friendly and priced at less than 20 pounds.;The Waterman is a family friendly pub serving indian food in the less than £20 price range. It is located in the city centre near Raja Indian Cuisine.;The Waterman is a family-friendly pub serving Indian food in the less than £20 price range. It is located in the city centre near Raja Indian Cuisine.;Tgen;Slug
L5U14;name[The Wrestlers], eatType[pub], food[Italian], priceRange[moderate], area[riverside], familyFriendly[no], near[Raja Indian Cuisine];The Wrestlers is a pub that serves Italian food. Has a moderate price range, and is kids friendly. Located in the riverside area near Raja Indian Cuisine.;The Wrestlers is a moderately priced italian pub near Raja Indian Cuisine in the riverside area. It is not kid friendly.;The Wrestlers is a moderately priced Italian pub in the riverside area near Raja Indian Cuisine. It is not kid friendly.;Tgen;Slug
L5U15;name[Wildwood], eatType[pub], food[Indian], area[city centre], familyFriendly[yes], near[Raja Indian Cuisine];Located near the city centre and Raja Indian Cuisine the Wildwood is a family friendly Indian pub.;Wildwood is a family friendly pub serving indian food in the city centre near Raja Indian Cuisine.;Wildwood is a family-friendly Indian pub in the city centre near Raja Indian Cuisine.;Tgen;Slug
L5U16;name[Zizzi], eatType[pub], area[riverside];The Zizzi is a pub along the river.;Zizzi is a pub by the riverside.;Zizzi is a pub in the riverside area.;Tgen;Slug
L5U17;name[Giraffe], eatType[restaurant], food[French], area[riverside], familyFriendly[yes], near[Raja Indian Cuisine];Children friendly restaurant Giraffe that serves French food can be found at riverside near Raja Indian Cuisine.;Giraffe is a family friendly french restaurant near Raja Indian Cuisine in the riverside area.;Giraffe is a family friendly French restaurant in the riverside area near Raja Indian Cuisine.;Tgen;Slug
L5U18;name[The Phoenix], eatType[restaurant], food[Indian], priceRange[cheap], customer rating[average], area[city centre], familyFriendly[no], near[Express by Holiday Inn];The Phoenix is a cheap, average restaurant that serves authentic Indian food. It is located in the city centre, near Express by Holiday Inn. The Phoenix is not family friendly.;The Phoenix is a cheap indian restaurant located in the city centre near Express by Holiday Inn. It has an average customer rating and is not family friendly.;The Phoenix is a cheap Indian restaurant located in the city centre near Express by Holiday Inn. It has an average customer rating and is not family-friendly.;Tgen;Slug
L5U19;name[The Wrestlers], eatType[restaurant], food[Japanese], priceRange[more than £30], area[riverside], familyFriendly[yes], near[Raja Indian Cuisine];The Wrestlers is a high end restaurant that is located next to Raja Indian Cuisine.;The Wrestlers is a children friendly japanese restaurant in the riverside area near Raja Indian Cuisine with a price range of more than £30.;The Wrestlers is a children friendly Japanese restaurant with a price range of more than £30. It is located in the riverside area near Raja Indian Cuisine.;Tgen;Slug
L5U20;name[Loch Fyne], eatType[pub], area[riverside];The Loch Fyne is a pub at the riverside.;Loch Fyne is a pub by the riverside.;Loch Fyne is a pub in the riverside area.;Tgen;Slug
