﻿UtID;mr;ref;UtA;UtB;UtA_equals;UtB_equals
L2U1;name[Blue Spice], eatType[coffee shop], area[riverside];There is a coffee shop Blue Spice in the riverside area.;Blue Spice is a coffee shop in the riverside area.;Blue Spice is a coffee shop in the riverside area with a price range of less than £20.;Slug;Tgen
L2U2;name[Clowns], eatType[coffee shop], customer rating[5 out of 5], near[Crowne Plaza Hotel];The coffee shop Clowns that is near Crowne Plaza Hotel has ratings of 5 out of 5.;Clowns is a coffee shop near Crowne Plaza Hotel with a customer rating of 5 out of 5.;Clowns is a coffee shop near Crowne Plaza Hotel with a 5 out of 5 customer rating.;Slug;Tgen
L2U3;name[Cocum], eatType[coffee shop], customer rating[high], near[Café Sicilia];coffee shop located near Café Sicilia called Cocum with a high customer rating;Cocum is a highly rated coffee shop near Café Sicilia.;Cocum is a highly rated coffee shop with a high price range. It is located near Café Sicilia.;Slug;Tgen
L2U4;name[Giraffe], eatType[coffee shop], near[The Rice Boat];Near The Rice Boat you can visit coffee shop called Giraffe.;Giraffe is a coffee shop near The Rice Boat.;Giraffe is a coffee shop with a low price range. It is located near The Rice Boat.;Slug;Tgen
L2U5;name[Green Man], eatType[coffee shop], customer rating[3 out of 5], near[All Bar One];If you're looking for a great place to eat, try Green Man, a coffee shop near All Bar One with a customer rating of 3 out of 5 stars.;Green Man is a coffee shop near All Bar One. It has a customer rating of 3 out of 5.;Green Man is a coffee shop near All Bar One with a customer rating of 3 out of 5.;Slug;Tgen
L2U6;name[Strada], eatType[coffee shop], customer rating[1 out of 5], near[All Bar One];The Strada is a coffee shop near All Bar One that has a customer rating of 1 out of 5.;Strada is a one star coffee shop near All Bar One.;Strada is a coffee shop near All Bar One with a customer rating of 1 out of 5.;Slug;Tgen
L2U7;name[The Cricketers], eatType[coffee shop], customer rating[3 out of 5], familyFriendly[yes], near[Avalon];The Cricketers is a kid-friendly coffee shop with a customer rating of 3 out of 5. It is located near Avalon.;The Cricketers is a kid friendly coffee shop near Avalon. It has a customer rating of 3 out of 5.;The Cricketers is a kid friendly coffee shop near Avalon with a customer rating of 3 out of 5.;Slug;Tgen
L2U8;name[The Mill], eatType[pub], food[English], priceRange[less than £20], area[city centre], familyFriendly[no], near[Raja Indian Cuisine];The Mill is a Luton based adults only pub, sited near Raja Indian Cuisine serving English food in the mid range bracket.;The Mill is a cheap English pub in the city centre near Raja Indian Cuisine. It is not family-friendly.;The Mill is a pub providing english food in the less than £20 price range. It is located in the city centre. It is not family-friendly. It is located near Raja Indian Cuisine.;Slug;Tgen
L2U9;name[The Phoenix], eatType[pub], food[Fast food], priceRange[high], area[city centre], familyFriendly[no], near[Raja Indian Cuisine];There is a pub located in the city centre, near Raja Indian Cuisine, in the high price range. The Phoenix provides Fast food but no children friendly menu or services are offered.;The Phoenix is a high priced Fast food pub in the city centre near Raja Indian Cuisine. It is not child friendly.;The Phoenix is a high priced fast food pub located in the city centre near Raja Indian Cuisine. It is not child friendly.;Slug;Tgen
L2U10;name[The Plough], eatType[pub], food[Chinese], priceRange[cheap], area[riverside], familyFriendly[yes], near[Raja Indian Cuisine];The Plough is a Chinese pub and pub in the riverside area near Raja Indian Cuisine.  It is family friendly and has cheap pricing.;The Plough is a cheap, family friendly Chinese pub in riverside near Raja Indian Cuisine.;The Plough is a cheap, family friendly chinese pub in the riverside area near Raja Indian Cuisine.;Slug;Tgen
L2U11;name[The Punter], eatType[pub], food[Chinese], priceRange[less than £20], area[riverside], familyFriendly[no], near[Raja Indian Cuisine];There's a Chinese and pub that's less than £20, near Raja Indian Cuisine along the riverside that's not really family friendly. It's called The Punter.;The Punter is a pub providing chinese food in the less than £20 price range. It is located in the riverside. It is near Raja Indian Cuisine.;The Punter is a Chinese pub in the riverside area near Raja Indian Cuisine. It has a price range of less than £20 and is not family-friendly.;Tgen;Slug
L2U12;name[The Vaults], eatType[pub], food[French], priceRange[less than £20], area[city centre], familyFriendly[no], near[Raja Indian Cuisine];Low priced French pub The Vaults can be found in the city centre close to Raja Indian Cuisine. Not recommended for families.;The Vaults is a french pub near Raja Indian Cuisine in the city centre. It is not family-friendly and has a price range of less than £20.;The Vaults is a cheap French pub in the city centre near Raja Indian Cuisine. It is not family-friendly.;Tgen;Slug
L2U13;name[The Waterman], eatType[pub], food[Indian], priceRange[high], area[riverside], familyFriendly[no], near[Raja Indian Cuisine];An expensive adult Indian pub near Raja Indian Cuisine located riverside is The Waterman.;The Waterman is a pub providing indian food in the high price range. It is located in the riverside. It is near Raja Indian Cuisine.;The Waterman is a high priced Indian pub in the riverside area near Raja Indian Cuisine. It is not children friendly.;Tgen;Slug
L2U14;name[The Wrestlers], eatType[pub], food[Italian], priceRange[less than £20], area[riverside], familyFriendly[yes], near[Raja Indian Cuisine];The Wrestlers is a family-friendly pub in the northern City Centre next to Raja Indian Cuisine with a low price range.;The Wrestlers is a family friendly pub serving italian food in the riverside area near Raja Indian Cuisine. The price range is less than £20.;The Wrestlers is a family friendly Italian pub in the riverside area near Raja Indian Cuisine. It has a price range of less than £20.;Tgen;Slug
L2U15;name[Wildwood], eatType[pub], area[riverside];A pub named Wildwood is located at  the riverside.;Wildwood is a pub by the riverside.;Wildwood is a pub in the riverside area.;Tgen;Slug
L2U16;name[Zizzi], eatType[coffee shop], customer rating[average], near[Burger King];Close by Burger King, is Zizzi. An average rated coffee shop.;Zizzi is a coffee shop near Burger King. It has an average customer rating.;Zizzi is a coffee shop near Burger King. It has an average customer rating.;Tgen;Slug
L2U17;name[Clowns], eatType[pub], near[The Sorrento];Close to The Sorrento you can find Clowns pub.;Clowns is a pub near The Sorrento.;Clowns is a pub near The Sorrento.;Tgen;Slug
L2U18;name[Strada], eatType[pub], customer rating[low], near[Express by Holiday Inn];Strada pub has a low customer Rating and is located  near Express by Holiday Inn.;Strada is a low rated pub near Express by Holiday Inn.;Strada is a pub near Express by Holiday Inn with a low customer rating.;Tgen;Slug
L2U19;name[The Punter], eatType[restaurant], food[Italian], priceRange[high], customer rating[1 out of 5], area[riverside], familyFriendly[yes], near[Rainbow Vegetarian Café];The Punter is eat type restaurant providing Italian food near Rainbow Vegetarian Café riverside area.;The Punter is a children friendly italian restaurant near Rainbow Vegetarian Café in the riverside area. It has a high price range and a customer rating of 1 out of 5.;The Punter is a child friendly Italian restaurant in the riverside area near Rainbow Vegetarian Café. It has a high price range and a customer rating of 1 out of 5.;Tgen;Slug
L2U20;name[Zizzi], eatType[pub], near[The Sorrento];Close to The Sorrento you will be able to find a pub called Zizzi;Zizzi is a pub near The Sorrento.;Zizzi is a pub near The Sorrento.;Tgen;Slug
